Depth,Cumulative_Probability
176,0.0003333333333333333
475,0.0006666666666666666
577,0.001
591,0.0013333333333333333
600,0.0016666666666666668
603,0.002
662,0.0023333333333333335
682,0.0026666666666666666
688,0.003
702,0.0033333333333333335
706,0.0036666666666666666
718,0.004
750,0.004333333333333333
793,0.004666666666666667
815,0.005
836,0.005333333333333333
846,0.005666666666666667
866,0.006
876,0.006333333333333333
956,0.006666666666666667
986,0.007
1038,0.007333333333333333
1142,0.007666666666666666
1189,0.008
1322,0.008333333333333333
1338,0.008666666666666666
1379,0.009
1392,0.009333333333333334
1408,0.009666666666666667
1422,0.01
1429,0.010333333333333333
1437,0.010666666666666666
1464,0.011
1490,0.011333333333333334
1500,0.011666666666666667
1526,0.012
1533,0.012333333333333333
1542,0.012666666666666666
1585,0.013
1597,0.013333333333333334
1623,0.013666666666666667
1655,0.014
1673,0.014333333333333333
1682,0.014666666666666666
1709,0.015
1720,0.015333333333333332
1721,0.015666666666666666
1737,0.016
1740,0.01633333333333333
1750,0.016666666666666666
1757,0.017
1777,0.017333333333333333
1781,0.017666666666666667
1801,0.018
1807,0.018333333333333333
1818,0.018666666666666668
1819,0.019
1822,0.019333333333333334
1847,0.019666666666666666
1852,0.02
1855,0.02033333333333333
1870,0.020666666666666667
1875,0.021
1883,0.021333333333333333
1884,0.021666666666666667
1898,0.022
1902,0.022333333333333334
1907,0.02266666666666667
1921,0.023
1924,0.023333333333333334
1924,0.023666666666666666
1931,0.024
1947,0.024333333333333332
1952,0.024666666666666667
1957,0.025
1960,0.025333333333333333
1965,0.025666666666666667
1966,0.026
1967,0.026333333333333334
1975,0.02666666666666667
1996,0.027
2003,0.027333333333333334
2015,0.027666666666666666
2030,0.028
2034,0.028333333333333332
2038,0.028666666666666667
2039,0.029
2046,0.029333333333333333
2063,0.029666666666666668
2064,0.03
2069,0.030333333333333334
2075,0.030666666666666665
2077,0.031
2086,0.03133333333333333
2099,0.03166666666666667
2103,0.032
2113,0.03233333333333333
2122,0.03266666666666666
2123,0.033
2137,0.03333333333333333
2154,0.033666666666666664
2157,0.034
2159,0.034333333333333334
2167,0.034666666666666665
2167,0.035
2169,0.035333333333333335
2170,0.035666666666666666
2171,0.036
2184,0.036333333333333336
2186,0.03666666666666667
2218,0.037
2222,0.037333333333333336
2229,0.03766666666666667
2235,0.038
2237,0.03833333333333333
2258,0.03866666666666667
2262,0.039
2276,0.03933333333333333
2284,0.03966666666666667
2285,0.04
2291,0.04033333333333333
2293,0.04066666666666666
2308,0.041
2309,0.04133333333333333
2315,0.041666666666666664
2317,0.042
2321,0.042333333333333334
2324,0.042666666666666665
2324,0.043
2325,0.043333333333333335
2333,0.043666666666666666
2336,0.044
2340,0.044333333333333336
2353,0.04466666666666667
2354,0.045
2363,0.04533333333333334
2373,0.04566666666666667
2384,0.046
2384,0.04633333333333333
2391,0.04666666666666667
2398,0.047
2400,0.04733333333333333
2402,0.04766666666666667
2402,0.048
2403,0.04833333333333333
2407,0.048666666666666664
2408,0.049
2410,0.04933333333333333
2414,0.049666666666666665
2417,0.05
2417,0.050333333333333334
2422,0.050666666666666665
2423,0.051
2424,0.051333333333333335
2427,0.051666666666666666
2432,0.052
2436,0.052333333333333336
2441,0.05266666666666667
2443,0.053
2453,0.05333333333333334
2453,0.05366666666666667
2454,0.054
2455,0.05433333333333333
2455,0.05466666666666667
2465,0.055
2474,0.05533333333333333
2476,0.05566666666666667
2478,0.056
2488,0.05633333333333333
2493,0.056666666666666664
2498,0.057
2502,0.05733333333333333
2507,0.057666666666666665
2512,0.058
2512,0.058333333333333334
2528,0.058666666666666666
2529,0.059
2529,0.059333333333333335
2533,0.059666666666666666
2534,0.06
2535,0.060333333333333336
2537,0.06066666666666667
2545,0.061
2551,0.06133333333333333
2554,0.06166666666666667
2557,0.062
2562,0.06233333333333333
2565,0.06266666666666666
2566,0.063
2574,0.06333333333333334
2576,0.06366666666666666
2577,0.064
2579,0.06433333333333334
2579,0.06466666666666666
2587,0.065
2587,0.06533333333333333
2589,0.06566666666666666
2590,0.066
2596,0.06633333333333333
2601,0.06666666666666667
2603,0.067
2607,0.06733333333333333
2628,0.06766666666666667
2630,0.068
2632,0.06833333333333333
2635,0.06866666666666667
2637,0.069
2638,0.06933333333333333
2639,0.06966666666666667
2640,0.07
2643,0.07033333333333333
2644,0.07066666666666667
2646,0.071
2646,0.07133333333333333
2647,0.07166666666666667
2647,0.072
2647,0.07233333333333333
2648,0.07266666666666667
2652,0.073
2655,0.07333333333333333
2658,0.07366666666666667
2665,0.074
2665,0.07433333333333333
2667,0.07466666666666667
2670,0.075
2671,0.07533333333333334
2673,0.07566666666666666
2674,0.076
2674,0.07633333333333334
2676,0.07666666666666666
2678,0.077
2683,0.07733333333333334
2686,0.07766666666666666
2687,0.078
2688,0.07833333333333334
2690,0.07866666666666666
2694,0.079
2697,0.07933333333333334
2699,0.07966666666666666
2699,0.08
2701,0.08033333333333334
2701,0.08066666666666666
2709,0.081
2709,0.08133333333333333
2713,0.08166666666666667
2713,0.082
2716,0.08233333333333333
2718,0.08266666666666667
2720,0.083
2721,0.08333333333333333
2727,0.08366666666666667
2733,0.084
2734,0.08433333333333333
2734,0.08466666666666667
2735,0.085
2735,0.08533333333333333
2738,0.08566666666666667
2738,0.086
2744,0.08633333333333333
2746,0.08666666666666667
2751,0.087
2752,0.08733333333333333
2753,0.08766666666666667
2753,0.088
2755,0.08833333333333333
2767,0.08866666666666667
2770,0.089
2772,0.08933333333333333
2774,0.08966666666666667
2777,0.09
2785,0.09033333333333333
2785,0.09066666666666667
2788,0.091
2789,0.09133333333333334
2789,0.09166666666666666
2792,0.092
2792,0.09233333333333334
2801,0.09266666666666666
2802,0.093
2802,0.09333333333333334
2802,0.09366666666666666
2807,0.094
2807,0.09433333333333334
2807,0.09466666666666666
2808,0.095
2811,0.09533333333333334
2820,0.09566666666666666
2820,0.096
2821,0.09633333333333334
2822,0.09666666666666666
2827,0.097
2831,0.09733333333333333
2838,0.09766666666666667
2838,0.098
2841,0.09833333333333333
2845,0.09866666666666667
2845,0.099
2846,0.09933333333333333
2849,0.09966666666666667
2849,0.1
2849,0.10033333333333333
2852,0.10066666666666667
2855,0.101
2857,0.10133333333333333
2861,0.10166666666666667
2863,0.102
2865,0.10233333333333333
2871,0.10266666666666667
2871,0.103
2875,0.10333333333333333
2875,0.10366666666666667
2876,0.104
2877,0.10433333333333333
2878,0.10466666666666667
2882,0.105
2888,0.10533333333333333
2890,0.10566666666666667
2890,0.106
2890,0.10633333333333334
2894,0.10666666666666667
2895,0.107
2898,0.10733333333333334
2902,0.10766666666666666
2903,0.108
2904,0.10833333333333334
2905,0.10866666666666666
2906,0.109
2911,0.10933333333333334
2912,0.10966666666666666
2923,0.11
2924,0.11033333333333334
2924,0.11066666666666666
2925,0.111
2926,0.11133333333333334
2927,0.11166666666666666
2927,0.112
2928,0.11233333333333333
2930,0.11266666666666666
2933,0.113
2933,0.11333333333333333
2935,0.11366666666666667
2936,0.114
2936,0.11433333333333333
2936,0.11466666666666667
2938,0.115
2938,0.11533333333333333
2943,0.11566666666666667
2944,0.116
2947,0.11633333333333333
2947,0.11666666666666667
2948,0.117
2950,0.11733333333333333
2952,0.11766666666666667
2957,0.118
2958,0.11833333333333333
2960,0.11866666666666667
2960,0.119
2962,0.11933333333333333
2963,0.11966666666666667
2964,0.12
2965,0.12033333333333333
2965,0.12066666666666667
2966,0.121
2970,0.12133333333333333
2973,0.12166666666666667
2973,0.122
2979,0.12233333333333334
2984,0.12266666666666666
2985,0.123
2985,0.12333333333333334
2988,0.12366666666666666
2989,0.124
2990,0.12433333333333334
2991,0.12466666666666666
2992,0.125
2994,0.12533333333333332
2994,0.12566666666666668
2994,0.126
2995,0.12633333333333333
2996,0.12666666666666668
2997,0.127
2998,0.12733333333333333
3000,0.12766666666666668
3003,0.128
3003,0.12833333333333333
3005,0.12866666666666668
3005,0.129
3009,0.12933333333333333
3014,0.12966666666666668
3018,0.13
3020,0.13033333333333333
3020,0.13066666666666665
3022,0.131
3023,0.13133333333333333
3023,0.13166666666666665
3027,0.132
3028,0.13233333333333333
3028,0.13266666666666665
3030,0.133
3033,0.13333333333333333
3035,0.13366666666666666
3039,0.134
3041,0.13433333333333333
3041,0.13466666666666666
3049,0.135
3053,0.13533333333333333
3055,0.13566666666666666
3056,0.136
3057,0.13633333333333333
3058,0.13666666666666666
3062,0.137
3062,0.13733333333333334
3062,0.13766666666666666
3066,0.138
3067,0.13833333333333334
3067,0.13866666666666666
3067,0.139
3070,0.13933333333333334
3075,0.13966666666666666
3078,0.14
3079,0.14033333333333334
3079,0.14066666666666666
3080,0.141
3081,0.14133333333333334
3083,0.14166666666666666
3085,0.142
3087,0.14233333333333334
3089,0.14266666666666666
3093,0.143
3094,0.14333333333333334
3095,0.14366666666666666
3099,0.144
3101,0.14433333333333334
3103,0.14466666666666667
3103,0.145
3105,0.14533333333333334
3105,0.14566666666666667
3106,0.146
3108,0.14633333333333334
3111,0.14666666666666667
3112,0.147
3113,0.14733333333333334
3113,0.14766666666666667
3115,0.148
3115,0.14833333333333334
3118,0.14866666666666667
3119,0.149
3121,0.14933333333333335
3124,0.14966666666666667
3125,0.15
3126,0.15033333333333335
3126,0.15066666666666667
3128,0.151
3128,0.15133333333333332
3130,0.15166666666666667
3133,0.152
3133,0.15233333333333332
3136,0.15266666666666667
3137,0.153
3138,0.15333333333333332
3139,0.15366666666666667
3139,0.154
3142,0.15433333333333332
3144,0.15466666666666667
3144,0.155
3145,0.15533333333333332
3147,0.15566666666666668
3147,0.156
3150,0.15633333333333332
3151,0.15666666666666668
3154,0.157
3155,0.15733333333333333
3161,0.15766666666666668
3164,0.158
3168,0.15833333333333333
3168,0.15866666666666668
3170,0.159
3172,0.15933333333333333
3172,0.15966666666666668
3176,0.16
3176,0.16033333333333333
3176,0.16066666666666668
3179,0.161
3180,0.16133333333333333
3181,0.16166666666666665
3182,0.162
3183,0.16233333333333333
3183,0.16266666666666665
3185,0.163
3185,0.16333333333333333
3185,0.16366666666666665
3186,0.164
3186,0.16433333333333333
3188,0.16466666666666666
3190,0.165
3192,0.16533333333333333
3192,0.16566666666666666
3193,0.166
3193,0.16633333333333333
3193,0.16666666666666666
3194,0.167
3195,0.16733333333333333
3195,0.16766666666666666
3197,0.168
3198,0.16833333333333333
3198,0.16866666666666666
3201,0.169
3202,0.16933333333333334
3203,0.16966666666666666
3204,0.17
3205,0.17033333333333334
3206,0.17066666666666666
3211,0.171
3212,0.17133333333333334
3212,0.17166666666666666
3213,0.172
3214,0.17233333333333334
3214,0.17266666666666666
3215,0.173
3215,0.17333333333333334
3215,0.17366666666666666
3216,0.174
3219,0.17433333333333334
3219,0.17466666666666666
3221,0.175
3224,0.17533333333333334
3224,0.17566666666666667
3224,0.176
3225,0.17633333333333334
3226,0.17666666666666667
3227,0.177
3228,0.17733333333333334
3230,0.17766666666666667
3232,0.178
3232,0.17833333333333334
3234,0.17866666666666667
3239,0.179
3239,0.17933333333333334
3240,0.17966666666666667
3240,0.18
3240,0.18033333333333335
3241,0.18066666666666667
3243,0.181
3244,0.18133333333333335
3244,0.18166666666666667
3245,0.182
3245,0.18233333333333332
3245,0.18266666666666667
3247,0.183
3249,0.18333333333333332
3250,0.18366666666666667
3251,0.184
3251,0.18433333333333332
3252,0.18466666666666667
3254,0.185
3256,0.18533333333333332
3256,0.18566666666666667
3257,0.186
3258,0.18633333333333332
3259,0.18666666666666668
3260,0.187
3260,0.18733333333333332
3261,0.18766666666666668
3262,0.188
3265,0.18833333333333332
3266,0.18866666666666668
3267,0.189
3267,0.18933333333333333
3272,0.18966666666666668
3272,0.19
3275,0.19033333333333333
3275,0.19066666666666668
3275,0.191
3277,0.19133333333333333
3277,0.19166666666666668
3278,0.192
3278,0.19233333333333333
3279,0.19266666666666668
3279,0.193
3280,0.19333333333333333
3281,0.19366666666666665
3282,0.194
3282,0.19433333333333333
3282,0.19466666666666665
3284,0.195
3286,0.19533333333333333
3288,0.19566666666666666
3288,0.196
3290,0.19633333333333333
3290,0.19666666666666666
3290,0.197
3293,0.19733333333333333
3298,0.19766666666666666
3299,0.198
3300,0.19833333333333333
3301,0.19866666666666666
3303,0.199
3309,0.19933333333333333
3310,0.19966666666666666
3310,0.2
3312,0.20033333333333334
3313,0.20066666666666666
3315,0.201
3316,0.20133333333333334
3319,0.20166666666666666
3320,0.202
3321,0.20233333333333334
3326,0.20266666666666666
3326,0.203
3331,0.20333333333333334
3332,0.20366666666666666
3333,0.204
3334,0.20433333333333334
3336,0.20466666666666666
3338,0.205
3342,0.20533333333333334
3343,0.20566666666666666
3343,0.206
3344,0.20633333333333334
3344,0.20666666666666667
3346,0.207
3348,0.20733333333333334
3350,0.20766666666666667
3352,0.208
3352,0.20833333333333334
3357,0.20866666666666667
3357,0.209
3359,0.20933333333333334
3364,0.20966666666666667
3365,0.21
3368,0.21033333333333334
3368,0.21066666666666667
3369,0.211
3370,0.21133333333333335
3371,0.21166666666666667
3372,0.212
3373,0.21233333333333335
3374,0.21266666666666667
3374,0.213
3374,0.21333333333333335
3375,0.21366666666666667
3375,0.214
3375,0.21433333333333332
3375,0.21466666666666667
3376,0.215
3377,0.21533333333333332
3377,0.21566666666666667
3378,0.216
3380,0.21633333333333332
3380,0.21666666666666667
3380,0.217
3383,0.21733333333333332
3383,0.21766666666666667
3384,0.218
3386,0.21833333333333332
3386,0.21866666666666668
3388,0.219
3390,0.21933333333333332
3390,0.21966666666666668
3391,0.22
3391,0.22033333333333333
3392,0.22066666666666668
3393,0.221
3393,0.22133333333333333
3395,0.22166666666666668
3396,0.222
3398,0.22233333333333333
3399,0.22266666666666668
3399,0.223
3399,0.22333333333333333
3400,0.22366666666666668
3403,0.224
3405,0.22433333333333333
3405,0.22466666666666665
3412,0.225
3413,0.22533333333333333
3413,0.22566666666666665
3414,0.226
3416,0.22633333333333333
3416,0.22666666666666666
3420,0.227
3421,0.22733333333333333
3423,0.22766666666666666
3424,0.228
3424,0.22833333333333333
3425,0.22866666666666666
3426,0.229
3426,0.22933333333333333
3426,0.22966666666666666
3426,0.23
3427,0.23033333333333333
3427,0.23066666666666666
3429,0.231
3430,0.23133333333333334
3431,0.23166666666666666
3432,0.232
3434,0.23233333333333334
3436,0.23266666666666666
3436,0.233
3437,0.23333333333333334
3438,0.23366666666666666
3441,0.234
3442,0.23433333333333334
3443,0.23466666666666666
3444,0.235
3444,0.23533333333333334
3444,0.23566666666666666
3447,0.236
3448,0.23633333333333334
3448,0.23666666666666666
3448,0.237
3448,0.23733333333333334
3448,0.23766666666666666
3448,0.238
3449,0.23833333333333334
3451,0.23866666666666667
3455,0.239
3455,0.23933333333333334
3457,0.23966666666666667
3457,0.24
3458,0.24033333333333334
3458,0.24066666666666667
3459,0.241
3459,0.24133333333333334
3460,0.24166666666666667
3462,0.242
3463,0.24233333333333335
3464,0.24266666666666667
3465,0.243
3468,0.24333333333333335
3468,0.24366666666666667
3470,0.244
3471,0.24433333333333335
3471,0.24466666666666667
3471,0.245
3471,0.24533333333333332
3472,0.24566666666666667
3473,0.246
3475,0.24633333333333332
3476,0.24666666666666667
3477,0.247
3478,0.24733333333333332
3479,0.24766666666666667
3479,0.248
3480,0.24833333333333332
3481,0.24866666666666667
3482,0.249
3485,0.24933333333333332
3486,0.24966666666666668
3488,0.25
3490,0.25033333333333335
3492,0.25066666666666665
3492,0.251
3492,0.25133333333333335
3492,0.25166666666666665
3494,0.252
3495,0.25233333333333335
3496,0.25266666666666665
3500,0.253
3501,0.25333333333333335
3502,0.25366666666666665
3503,0.254
3503,0.25433333333333336
3504,0.25466666666666665
3505,0.255
3505,0.25533333333333336
3505,0.25566666666666665
3506,0.256
3507,0.25633333333333336
3508,0.25666666666666665
3508,0.257
3511,0.25733333333333336
3511,0.25766666666666665
3512,0.258
3515,0.25833333333333336
3515,0.25866666666666666
3516,0.259
3517,0.25933333333333336
3518,0.25966666666666666
3519,0.26
3520,0.26033333333333336
3521,0.26066666666666666
3521,0.261
3522,0.2613333333333333
3523,0.26166666666666666
3524,0.262
3525,0.2623333333333333
3526,0.26266666666666666
3528,0.263
3530,0.2633333333333333
3531,0.26366666666666666
3532,0.264
3534,0.2643333333333333
3538,0.26466666666666666
3541,0.265
3543,0.2653333333333333
3544,0.26566666666666666
3545,0.266
3545,0.2663333333333333
3547,0.26666666666666666
3547,0.267
3550,0.2673333333333333
3551,0.26766666666666666
3551,0.268
3551,0.2683333333333333
3552,0.26866666666666666
3552,0.269
3553,0.2693333333333333
3554,0.26966666666666667
3555,0.27
3556,0.2703333333333333
3557,0.27066666666666667
3560,0.271
3560,0.2713333333333333
3561,0.27166666666666667
3561,0.272
3563,0.2723333333333333
3563,0.27266666666666667
3563,0.273
3565,0.2733333333333333
3565,0.27366666666666667
3566,0.274
3566,0.2743333333333333
3568,0.27466666666666667
3568,0.275
3568,0.2753333333333333
3568,0.27566666666666667
3569,0.276
3569,0.2763333333333333
3570,0.27666666666666667
3572,0.277
3572,0.2773333333333333
3574,0.2776666666666667
3575,0.278
3578,0.2783333333333333
3579,0.2786666666666667
3579,0.279
3580,0.2793333333333333
3582,0.2796666666666667
3583,0.28
3584,0.2803333333333333
3584,0.2806666666666667
3586,0.281
3587,0.2813333333333333
3587,0.2816666666666667
3589,0.282
3593,0.2823333333333333
3593,0.2826666666666667
3595,0.283
3599,0.2833333333333333
3602,0.2836666666666667
3603,0.284
3604,0.2843333333333333
3606,0.2846666666666667
3607,0.285
3607,0.2853333333333333
3609,0.2856666666666667
3614,0.286
3614,0.28633333333333333
3619,0.2866666666666667
3619,0.287
3620,0.28733333333333333
3621,0.2876666666666667
3622,0.288
3622,0.28833333333333333
3625,0.2886666666666667
3625,0.289
3626,0.28933333333333333
3627,0.2896666666666667
3627,0.29
3627,0.29033333333333333
3627,0.2906666666666667
3628,0.291
3629,0.29133333333333333
3630,0.2916666666666667
3631,0.292
3632,0.29233333333333333
3632,0.2926666666666667
3635,0.293
3635,0.29333333333333333
3637,0.2936666666666667
3637,0.294
3639,0.29433333333333334
3639,0.2946666666666667
3640,0.295
3643,0.29533333333333334
3643,0.2956666666666667
3643,0.296
3643,0.29633333333333334
3646,0.2966666666666667
3646,0.297
3649,0.29733333333333334
3649,0.2976666666666667
3649,0.298
3652,0.29833333333333334
3653,0.2986666666666667
3653,0.299
3653,0.29933333333333334
3653,0.2996666666666667
3657,0.3
3659,0.30033333333333334
3662,0.3006666666666667
3662,0.301
3663,0.30133333333333334
3663,0.3016666666666667
3663,0.302
3664,0.30233333333333334
3665,0.30266666666666664
3665,0.303
3668,0.30333333333333334
3669,0.30366666666666664
3669,0.304
3670,0.30433333333333334
3670,0.30466666666666664
3671,0.305
3674,0.30533333333333335
3674,0.30566666666666664
3674,0.306
3675,0.30633333333333335
3678,0.30666666666666664
3678,0.307
3680,0.30733333333333335
3680,0.30766666666666664
3680,0.308
3681,0.30833333333333335
3683,0.30866666666666664
3685,0.309
3686,0.30933333333333335
3686,0.30966666666666665
3686,0.31
3687,0.31033333333333335
3689,0.31066666666666665
3690,0.311
3691,0.31133333333333335
3691,0.31166666666666665
3694,0.312
3695,0.31233333333333335
3695,0.31266666666666665
3695,0.313
3698,0.31333333333333335
3699,0.31366666666666665
3699,0.314
3699,0.31433333333333335
3700,0.31466666666666665
3704,0.315
3705,0.31533333333333335
3705,0.31566666666666665
3706,0.316
3706,0.31633333333333336
3707,0.31666666666666665
3708,0.317
3708,0.31733333333333336
3709,0.31766666666666665
3711,0.318
3712,0.31833333333333336
3713,0.31866666666666665
3713,0.319
3714,0.31933333333333336
3714,0.31966666666666665
3715,0.32
3718,0.32033333333333336
3719,0.32066666666666666
3720,0.321
3724,0.32133333333333336
3724,0.32166666666666666
3726,0.322
3726,0.32233333333333336
3726,0.32266666666666666
3726,0.323
3727,0.3233333333333333
3731,0.32366666666666666
3731,0.324
3731,0.3243333333333333
3732,0.32466666666666666
3733,0.325
3733,0.3253333333333333
3734,0.32566666666666666
3735,0.326
3736,0.3263333333333333
3737,0.32666666666666666
3740,0.327
3741,0.3273333333333333
3741,0.32766666666666666
3742,0.328
3743,0.3283333333333333
3745,0.32866666666666666
3746,0.329
3747,0.3293333333333333
3747,0.32966666666666666
3748,0.33
3749,0.3303333333333333
3749,0.33066666666666666
3750,0.331
3751,0.3313333333333333
3752,0.33166666666666667
3753,0.332
3754,0.3323333333333333
3755,0.33266666666666667
3756,0.333
3756,0.3333333333333333
3759,0.33366666666666667
3760,0.334
3761,0.3343333333333333
3764,0.33466666666666667
3764,0.335
3765,0.3353333333333333
3771,0.33566666666666667
3771,0.336
3771,0.3363333333333333
3773,0.33666666666666667
3773,0.337
3774,0.3373333333333333
3774,0.33766666666666667
3775,0.338
3775,0.3383333333333333
3777,0.33866666666666667
3777,0.339
3778,0.3393333333333333
3779,0.3396666666666667
3781,0.34
3781,0.3403333333333333
3781,0.3406666666666667
3783,0.341
3783,0.3413333333333333
3787,0.3416666666666667
3787,0.342
3790,0.3423333333333333
3792,0.3426666666666667
3793,0.343
3796,0.3433333333333333
3797,0.3436666666666667
3798,0.344
3798,0.3443333333333333
3798,0.3446666666666667
3799,0.345
3799,0.3453333333333333
3800,0.3456666666666667
3800,0.346
3801,0.3463333333333333
3805,0.3466666666666667
3806,0.347
3806,0.3473333333333333
3807,0.3476666666666667
3808,0.348
3808,0.34833333333333333
3810,0.3486666666666667
3810,0.349
3811,0.34933333333333333
3813,0.3496666666666667
3814,0.35
3814,0.35033333333333333
3815,0.3506666666666667
3816,0.351
3817,0.35133333333333333
3818,0.3516666666666667
3821,0.352
3823,0.35233333333333333
3823,0.3526666666666667
3823,0.353
3824,0.35333333333333333
3826,0.3536666666666667
3826,0.354
3826,0.35433333333333333
3826,0.3546666666666667
3827,0.355
3827,0.35533333333333333
3828,0.3556666666666667
3828,0.356
3830,0.35633333333333334
3831,0.3566666666666667
3833,0.357
3834,0.35733333333333334
3834,0.3576666666666667
3836,0.358
3837,0.35833333333333334
3837,0.3586666666666667
3838,0.359
3839,0.35933333333333334
3840,0.3596666666666667
3840,0.36
3841,0.36033333333333334
3842,0.3606666666666667
3844,0.361
3845,0.36133333333333334
3845,0.3616666666666667
3845,0.362
3846,0.36233333333333334
3846,0.3626666666666667
3847,0.363
3848,0.36333333333333334
3848,0.3636666666666667
3848,0.364
3849,0.36433333333333334
3850,0.36466666666666664
3851,0.365
3852,0.36533333333333334
3855,0.36566666666666664
3857,0.366
3859,0.36633333333333334
3860,0.36666666666666664
3862,0.367
3862,0.36733333333333335
3863,0.36766666666666664
3863,0.368
3864,0.36833333333333335
3865,0.36866666666666664
3867,0.369
3867,0.36933333333333335
3867,0.36966666666666664
3869,0.37
3871,0.37033333333333335
3871,0.37066666666666664
3872,0.371
3873,0.37133333333333335
3873,0.37166666666666665
3874,0.372
3875,0.37233333333333335
3876,0.37266666666666665
3876,0.373
3878,0.37333333333333335
3879,0.37366666666666665
3879,0.374
3880,0.37433333333333335
3881,0.37466666666666665
3886,0.375
3886,0.37533333333333335
3887,0.37566666666666665
3887,0.376
3888,0.37633333333333335
3888,0.37666666666666665
3889,0.377
3889,0.37733333333333335
3890,0.37766666666666665
3891,0.378
3893,0.37833333333333335
3895,0.37866666666666665
3895,0.379
3896,0.37933333333333336
3898,0.37966666666666665
3898,0.38
3900,0.38033333333333336
3900,0.38066666666666665
3901,0.381
3901,0.38133333333333336
3902,0.38166666666666665
3902,0.382
3902,0.38233333333333336
3905,0.38266666666666665
3905,0.383
3905,0.38333333333333336
3907,0.38366666666666666
3909,0.384
3909,0.38433333333333336
3910,0.38466666666666666
3910,0.385
3911,0.38533333333333336
3911,0.38566666666666666
3911,0.386
3911,0.3863333333333333
3912,0.38666666666666666
3912,0.387
3913,0.3873333333333333
3913,0.38766666666666666
3915,0.388
3915,0.3883333333333333
3915,0.38866666666666666
3918,0.389
3918,0.3893333333333333
3918,0.38966666666666666
3918,0.39
3918,0.3903333333333333
3919,0.39066666666666666
3921,0.391
3922,0.3913333333333333
3924,0.39166666666666666
3924,0.392
3924,0.3923333333333333
3924,0.39266666666666666
3925,0.393
3926,0.3933333333333333
3926,0.39366666666666666
3927,0.394
3928,0.3943333333333333
3929,0.39466666666666667
3932,0.395
3933,0.3953333333333333
3933,0.39566666666666667
3934,0.396
3935,0.3963333333333333
3936,0.39666666666666667
3937,0.397
3939,0.3973333333333333
3939,0.39766666666666667
3941,0.398
3941,0.3983333333333333
3942,0.39866666666666667
3942,0.399
3943,0.3993333333333333
3944,0.39966666666666667
3945,0.4
3946,0.4003333333333333
3946,0.40066666666666667
3946,0.401
3946,0.4013333333333333
3947,0.40166666666666667
3952,0.402
3952,0.4023333333333333
3952,0.4026666666666667
3952,0.403
3953,0.4033333333333333
3954,0.4036666666666667
3954,0.404
3955,0.4043333333333333
3955,0.4046666666666667
3955,0.405
3957,0.4053333333333333
3958,0.4056666666666667
3958,0.406
3958,0.4063333333333333
3960,0.4066666666666667
3961,0.407
3961,0.4073333333333333
3963,0.4076666666666667
3964,0.408
3965,0.4083333333333333
3965,0.4086666666666667
3966,0.409
3966,0.4093333333333333
3967,0.4096666666666667
3967,0.41
3968,0.4103333333333333
3968,0.4106666666666667
3968,0.411
3970,0.41133333333333333
3970,0.4116666666666667
3970,0.412
3971,0.41233333333333333
3971,0.4126666666666667
3972,0.413
3975,0.41333333333333333
3977,0.4136666666666667
3977,0.414
3978,0.41433333333333333
3978,0.4146666666666667
3979,0.415
3980,0.41533333333333333
3980,0.4156666666666667
3981,0.416
3981,0.41633333333333333
3982,0.4166666666666667
3982,0.417
3983,0.41733333333333333
3984,0.4176666666666667
3984,0.418
3985,0.41833333333333333
3985,0.4186666666666667
3987,0.419
3987,0.41933333333333334
3987,0.4196666666666667
3989,0.42
3991,0.42033333333333334
3991,0.4206666666666667
3992,0.421
3992,0.42133333333333334
3992,0.4216666666666667
3992,0.422
3993,0.42233333333333334
3994,0.4226666666666667
3994,0.423
3995,0.42333333333333334
3996,0.4236666666666667
3997,0.424
3997,0.42433333333333334
3998,0.4246666666666667
3998,0.425
3998,0.42533333333333334
4000,0.4256666666666667
4001,0.426
4006,0.42633333333333334
4006,0.4266666666666667
4007,0.427
4007,0.42733333333333334
4013,0.42766666666666664
4015,0.428
4017,0.42833333333333334
4018,0.42866666666666664
4018,0.429
4019,0.42933333333333334
4019,0.42966666666666664
4019,0.43
4019,0.43033333333333335
4021,0.43066666666666664
4021,0.431
4023,0.43133333333333335
4023,0.43166666666666664
4023,0.432
4024,0.43233333333333335
4025,0.43266666666666664
4026,0.433
4026,0.43333333333333335
4027,0.43366666666666664
4028,0.434
4028,0.43433333333333335
4030,0.43466666666666665
4030,0.435
4031,0.43533333333333335
4036,0.43566666666666665
4037,0.436
4040,0.43633333333333335
4042,0.43666666666666665
4042,0.437
4043,0.43733333333333335
4044,0.43766666666666665
4044,0.438
4044,0.43833333333333335
4045,0.43866666666666665
4046,0.439
4046,0.43933333333333335
4047,0.43966666666666665
4047,0.44
4048,0.44033333333333335
4048,0.44066666666666665
4048,0.441
4049,0.44133333333333336
4049,0.44166666666666665
4050,0.442
4051,0.44233333333333336
4051,0.44266666666666665
4054,0.443
4055,0.44333333333333336
4055,0.44366666666666665
4057,0.444
4058,0.44433333333333336
4058,0.44466666666666665
4058,0.445
4060,0.44533333333333336
4060,0.44566666666666666
4061,0.446
4063,0.44633333333333336
4064,0.44666666666666666
4065,0.447
4065,0.44733333333333336
4068,0.44766666666666666
4068,0.448
4069,0.4483333333333333
4069,0.44866666666666666
4071,0.449
4072,0.4493333333333333
4073,0.44966666666666666
4074,0.45
4075,0.4503333333333333
4075,0.45066666666666666
4076,0.451
4076,0.4513333333333333
4076,0.45166666666666666
4077,0.452
4079,0.4523333333333333
4080,0.45266666666666666
4081,0.453
4082,0.4533333333333333
4084,0.45366666666666666
4085,0.454
4085,0.4543333333333333
4085,0.45466666666666666
4085,0.455
4087,0.4553333333333333
4089,0.45566666666666666
4089,0.456
4089,0.4563333333333333
4089,0.45666666666666667
4090,0.457
4092,0.4573333333333333
4092,0.45766666666666667
4094,0.458
4094,0.4583333333333333
4095,0.45866666666666667
4096,0.459
4096,0.4593333333333333
4096,0.45966666666666667
4097,0.46
4099,0.4603333333333333
4099,0.46066666666666667
4101,0.461
4103,0.4613333333333333
4103,0.46166666666666667
4105,0.462
4107,0.4623333333333333
4108,0.46266666666666667
4110,0.463
4110,0.4633333333333333
4111,0.46366666666666667
4112,0.464
4114,0.4643333333333333
4114,0.4646666666666667
4117,0.465
4117,0.4653333333333333
4118,0.4656666666666667
4119,0.466
4120,0.4663333333333333
4121,0.4666666666666667
4124,0.467
4125,0.4673333333333333
4125,0.4676666666666667
4125,0.468
4125,0.4683333333333333
4126,0.4686666666666667
4126,0.469
4127,0.4693333333333333
4127,0.4696666666666667
4127,0.47
4129,0.4703333333333333
4129,0.4706666666666667
4129,0.471
4133,0.4713333333333333
4133,0.4716666666666667
4135,0.472
4135,0.4723333333333333
4135,0.4726666666666667
4138,0.473
4138,0.47333333333333333
4138,0.4736666666666667
4139,0.474
4139,0.47433333333333333
4139,0.4746666666666667
4140,0.475
4141,0.47533333333333333
4142,0.4756666666666667
4143,0.476
4143,0.47633333333333333
4143,0.4766666666666667
4144,0.477
4144,0.47733333333333333
4146,0.4776666666666667
4147,0.478
4147,0.47833333333333333
4147,0.4786666666666667
4148,0.479
4148,0.47933333333333333
4150,0.4796666666666667
4150,0.48
4150,0.48033333333333333
4151,0.4806666666666667
4152,0.481
4153,0.48133333333333334
4153,0.4816666666666667
4153,0.482
4154,0.48233333333333334
4156,0.4826666666666667
4156,0.483
4157,0.48333333333333334
4157,0.4836666666666667
4158,0.484
4158,0.48433333333333334
4158,0.4846666666666667
4160,0.485
4162,0.48533333333333334
4163,0.4856666666666667
4163,0.486
4164,0.48633333333333334
4164,0.4866666666666667
4166,0.487
4167,0.48733333333333334
4167,0.4876666666666667
4170,0.488
4171,0.48833333333333334
4172,0.4886666666666667
4172,0.489
4175,0.48933333333333334
4176,0.48966666666666664
4177,0.49
4178,0.49033333333333334
4180,0.49066666666666664
4181,0.491
4182,0.49133333333333334
4183,0.49166666666666664
4183,0.492
4183,0.49233333333333335
4184,0.49266666666666664
4185,0.493
4186,0.49333333333333335
4187,0.49366666666666664
4189,0.494
4191,0.49433333333333335
4192,0.49466666666666664
4193,0.495
4194,0.49533333333333335
4194,0.49566666666666664
4196,0.496
4197,0.49633333333333335
4197,0.49666666666666665
4198,0.497
4198,0.49733333333333335
4198,0.49766666666666665
4199,0.498
4201,0.49833333333333335
4202,0.49866666666666665
4202,0.499
4203,0.49933333333333335
4204,0.49966666666666665
4204,0.5
4204,0.5003333333333333
4205,0.5006666666666667
4206,0.501
4206,0.5013333333333333
4207,0.5016666666666667
4207,0.502
4210,0.5023333333333333
4211,0.5026666666666667
4211,0.503
4212,0.5033333333333333
4213,0.5036666666666667
4213,0.504
4214,0.5043333333333333
4214,0.5046666666666667
4217,0.505
4217,0.5053333333333333
4221,0.5056666666666667
4221,0.506
4222,0.5063333333333333
4222,0.5066666666666667
4223,0.507
4223,0.5073333333333333
4224,0.5076666666666667
4224,0.508
4225,0.5083333333333333
4225,0.5086666666666667
4225,0.509
4226,0.5093333333333333
4226,0.5096666666666667
4227,0.51
4229,0.5103333333333333
4229,0.5106666666666667
4230,0.511
4230,0.5113333333333333
4230,0.5116666666666667
4232,0.512
4233,0.5123333333333333
4233,0.5126666666666667
4236,0.513
4238,0.5133333333333333
4238,0.5136666666666667
4239,0.514
4239,0.5143333333333333
4239,0.5146666666666667
4241,0.515
4241,0.5153333333333333
4243,0.5156666666666667
4244,0.516
4244,0.5163333333333333
4246,0.5166666666666667
4247,0.517
4248,0.5173333333333333
4249,0.5176666666666667
4250,0.518
4253,0.5183333333333333
4254,0.5186666666666667
4254,0.519
4254,0.5193333333333333
4255,0.5196666666666667
4256,0.52
4256,0.5203333333333333
4257,0.5206666666666667
4257,0.521
4258,0.5213333333333333
4260,0.5216666666666666
4261,0.522
4261,0.5223333333333333
4262,0.5226666666666666
4262,0.523
4262,0.5233333333333333
4263,0.5236666666666666
4264,0.524
4264,0.5243333333333333
4265,0.5246666666666666
4265,0.525
4266,0.5253333333333333
4266,0.5256666666666666
4267,0.526
4267,0.5263333333333333
4269,0.5266666666666666
4270,0.527
4270,0.5273333333333333
4270,0.5276666666666666
4270,0.528
4271,0.5283333333333333
4272,0.5286666666666666
4272,0.529
4274,0.5293333333333333
4275,0.5296666666666666
4275,0.53
4276,0.5303333333333333
4276,0.5306666666666666
4276,0.531
4278,0.5313333333333333
4278,0.5316666666666666
4278,0.532
4279,0.5323333333333333
4280,0.5326666666666666
4282,0.533
4282,0.5333333333333333
4284,0.5336666666666666
4285,0.534
4286,0.5343333333333333
4287,0.5346666666666666
4287,0.535
4287,0.5353333333333333
4291,0.5356666666666666
4292,0.536
4292,0.5363333333333333
4294,0.5366666666666666
4294,0.537
4294,0.5373333333333333
4296,0.5376666666666666
4296,0.538
4299,0.5383333333333333
4299,0.5386666666666666
4301,0.539
4303,0.5393333333333333
4304,0.5396666666666666
4304,0.54
4305,0.5403333333333333
4307,0.5406666666666666
4311,0.541
4311,0.5413333333333333
4311,0.5416666666666666
4311,0.542
4313,0.5423333333333333
4313,0.5426666666666666
4314,0.543
4315,0.5433333333333333
4315,0.5436666666666666
4315,0.544
4315,0.5443333333333333
4316,0.5446666666666666
4316,0.545
4317,0.5453333333333333
4318,0.5456666666666666
4318,0.546
4318,0.5463333333333333
4322,0.5466666666666666
4324,0.547
4325,0.5473333333333333
4326,0.5476666666666666
4326,0.548
4327,0.5483333333333333
4331,0.5486666666666666
4331,0.549
4332,0.5493333333333333
4333,0.5496666666666666
4335,0.55
4336,0.5503333333333333
4337,0.5506666666666666
4338,0.551
4338,0.5513333333333333
4338,0.5516666666666666
4341,0.552
4344,0.5523333333333333
4344,0.5526666666666666
4345,0.553
4345,0.5533333333333333
4346,0.5536666666666666
4347,0.554
4347,0.5543333333333333
4349,0.5546666666666666
4350,0.555
4350,0.5553333333333333
4351,0.5556666666666666
4353,0.556
4354,0.5563333333333333
4354,0.5566666666666666
4356,0.557
4356,0.5573333333333333
4357,0.5576666666666666
4357,0.558
4358,0.5583333333333333
4359,0.5586666666666666
4360,0.559
4360,0.5593333333333333
4362,0.5596666666666666
4362,0.56
4362,0.5603333333333333
4363,0.5606666666666666
4364,0.561
4365,0.5613333333333334
4366,0.5616666666666666
4367,0.562
4368,0.5623333333333334
4368,0.5626666666666666
4372,0.563
4373,0.5633333333333334
4373,0.5636666666666666
4374,0.564
4374,0.5643333333333334
4374,0.5646666666666667
4375,0.565
4375,0.5653333333333334
4375,0.5656666666666667
4376,0.566
4377,0.5663333333333334
4378,0.5666666666666667
4379,0.567
4380,0.5673333333333334
4380,0.5676666666666667
4380,0.568
4383,0.5683333333333334
4383,0.5686666666666667
4385,0.569
4385,0.5693333333333334
4386,0.5696666666666667
4388,0.57
4389,0.5703333333333334
4389,0.5706666666666667
4391,0.571
4393,0.5713333333333334
4394,0.5716666666666667
4394,0.572
4395,0.5723333333333334
4395,0.5726666666666667
4395,0.573
4396,0.5733333333333334
4396,0.5736666666666667
4397,0.574
4397,0.5743333333333334
4399,0.5746666666666667
4400,0.575
4401,0.5753333333333334
4402,0.5756666666666667
4403,0.576
4404,0.5763333333333334
4406,0.5766666666666667
4408,0.577
4409,0.5773333333333334
4411,0.5776666666666667
4411,0.578
4412,0.5783333333333334
4413,0.5786666666666667
4415,0.579
4415,0.5793333333333334
4418,0.5796666666666667
4418,0.58
4418,0.5803333333333334
4418,0.5806666666666667
4419,0.581
4419,0.5813333333333334
4421,0.5816666666666667
4421,0.582
4421,0.5823333333333334
4421,0.5826666666666667
4423,0.583
4425,0.5833333333333334
4426,0.5836666666666667
4427,0.584
4429,0.5843333333333334
4431,0.5846666666666667
4431,0.585
4431,0.5853333333333334
4432,0.5856666666666667
4433,0.586
4433,0.5863333333333334
4433,0.5866666666666667
4434,0.587
4435,0.5873333333333334
4436,0.5876666666666667
4436,0.588
4437,0.5883333333333334
4437,0.5886666666666667
4440,0.589
4440,0.5893333333333334
4444,0.5896666666666667
4445,0.59
4445,0.5903333333333334
4447,0.5906666666666667
4447,0.591
4449,0.5913333333333334
4451,0.5916666666666667
4451,0.592
4454,0.5923333333333334
4455,0.5926666666666667
4455,0.593
4457,0.5933333333333334
4457,0.5936666666666667
4458,0.594
4458,0.5943333333333334
4459,0.5946666666666667
4460,0.595
4461,0.5953333333333334
4463,0.5956666666666667
4464,0.596
4464,0.5963333333333334
4465,0.5966666666666667
4465,0.597
4465,0.5973333333333334
4467,0.5976666666666667
4467,0.598
4468,0.5983333333333334
4468,0.5986666666666667
4468,0.599
4469,0.5993333333333334
4469,0.5996666666666667
4470,0.6
4470,0.6003333333333334
4471,0.6006666666666667
4471,0.601
4472,0.6013333333333334
4472,0.6016666666666667
4473,0.602
4474,0.6023333333333334
4474,0.6026666666666667
4476,0.603
4478,0.6033333333333334
4479,0.6036666666666667
4481,0.604
4481,0.6043333333333333
4483,0.6046666666666667
4483,0.605
4484,0.6053333333333333
4484,0.6056666666666667
4486,0.606
4488,0.6063333333333333
4489,0.6066666666666667
4491,0.607
4491,0.6073333333333333
4492,0.6076666666666667
4492,0.608
4493,0.6083333333333333
4493,0.6086666666666667
4493,0.609
4494,0.6093333333333333
4496,0.6096666666666667
4497,0.61
4499,0.6103333333333333
4500,0.6106666666666667
4501,0.611
4502,0.6113333333333333
4502,0.6116666666666667
4503,0.612
4503,0.6123333333333333
4504,0.6126666666666667
4505,0.613
4505,0.6133333333333333
4506,0.6136666666666667
4506,0.614
4506,0.6143333333333333
4507,0.6146666666666667
4508,0.615
4509,0.6153333333333333
4509,0.6156666666666667
4510,0.616
4510,0.6163333333333333
4510,0.6166666666666667
4511,0.617
4511,0.6173333333333333
4513,0.6176666666666667
4514,0.618
4514,0.6183333333333333
4515,0.6186666666666667
4515,0.619
4518,0.6193333333333333
4518,0.6196666666666667
4519,0.62
4519,0.6203333333333333
4523,0.6206666666666667
4524,0.621
4524,0.6213333333333333
4524,0.6216666666666667
4525,0.622
4526,0.6223333333333333
4526,0.6226666666666667
4527,0.623
4528,0.6233333333333333
4529,0.6236666666666667
4529,0.624
4531,0.6243333333333333
4531,0.6246666666666667
4532,0.625
4532,0.6253333333333333
4532,0.6256666666666667
4534,0.626
4534,0.6263333333333333
4534,0.6266666666666667
4537,0.627
4538,0.6273333333333333
4539,0.6276666666666667
4539,0.628
4540,0.6283333333333333
4540,0.6286666666666667
4541,0.629
4542,0.6293333333333333
4543,0.6296666666666667
4544,0.63
4544,0.6303333333333333
4548,0.6306666666666667
4549,0.631
4549,0.6313333333333333
4550,0.6316666666666667
4551,0.632
4553,0.6323333333333333
4553,0.6326666666666667
4554,0.633
4554,0.6333333333333333
4554,0.6336666666666667
4556,0.634
4557,0.6343333333333333
4558,0.6346666666666667
4560,0.635
4560,0.6353333333333333
4561,0.6356666666666667
4561,0.636
4561,0.6363333333333333
4562,0.6366666666666667
4562,0.637
4563,0.6373333333333333
4564,0.6376666666666667
4564,0.638
4565,0.6383333333333333
4565,0.6386666666666667
4565,0.639
4566,0.6393333333333333
4566,0.6396666666666667
4570,0.64
4574,0.6403333333333333
4574,0.6406666666666667
4576,0.641
4576,0.6413333333333333
4576,0.6416666666666667
4576,0.642
4576,0.6423333333333333
4577,0.6426666666666667
4578,0.643
4578,0.6433333333333333
4580,0.6436666666666667
4580,0.644
4581,0.6443333333333333
4581,0.6446666666666667
4581,0.645
4581,0.6453333333333333
4581,0.6456666666666667
4581,0.646
4582,0.6463333333333333
4582,0.6466666666666666
4583,0.647
4583,0.6473333333333333
4587,0.6476666666666666
4588,0.648
4589,0.6483333333333333
4590,0.6486666666666666
4591,0.649
4591,0.6493333333333333
4591,0.6496666666666666
4592,0.65
4593,0.6503333333333333
4595,0.6506666666666666
4597,0.651
4597,0.6513333333333333
4598,0.6516666666666666
4601,0.652
4601,0.6523333333333333
4602,0.6526666666666666
4603,0.653
4603,0.6533333333333333
4604,0.6536666666666666
4606,0.654
4607,0.6543333333333333
4607,0.6546666666666666
4609,0.655
4609,0.6553333333333333
4609,0.6556666666666666
4609,0.656
4614,0.6563333333333333
4614,0.6566666666666666
4616,0.657
4617,0.6573333333333333
4620,0.6576666666666666
4620,0.658
4621,0.6583333333333333
4623,0.6586666666666666
4624,0.659
4626,0.6593333333333333
4627,0.6596666666666666
4627,0.66
4628,0.6603333333333333
4628,0.6606666666666666
4631,0.661
4631,0.6613333333333333
4632,0.6616666666666666
4632,0.662
4633,0.6623333333333333
4633,0.6626666666666666
4633,0.663
4633,0.6633333333333333
4633,0.6636666666666666
4634,0.664
4634,0.6643333333333333
4635,0.6646666666666666
4637,0.665
4637,0.6653333333333333
4637,0.6656666666666666
4638,0.666
4640,0.6663333333333333
4641,0.6666666666666666
4643,0.667
4644,0.6673333333333333
4646,0.6676666666666666
4647,0.668
4647,0.6683333333333333
4648,0.6686666666666666
4648,0.669
4649,0.6693333333333333
4649,0.6696666666666666
4650,0.67
4650,0.6703333333333333
4650,0.6706666666666666
4653,0.671
4654,0.6713333333333333
4654,0.6716666666666666
4655,0.672
4656,0.6723333333333333
4657,0.6726666666666666
4658,0.673
4662,0.6733333333333333
4663,0.6736666666666666
4663,0.674
4664,0.6743333333333333
4664,0.6746666666666666
4664,0.675
4667,0.6753333333333333
4670,0.6756666666666666
4671,0.676
4671,0.6763333333333333
4672,0.6766666666666666
4672,0.677
4674,0.6773333333333333
4674,0.6776666666666666
4674,0.678
4674,0.6783333333333333
4674,0.6786666666666666
4674,0.679
4675,0.6793333333333333
4675,0.6796666666666666
4678,0.68
4679,0.6803333333333333
4681,0.6806666666666666
4682,0.681
4682,0.6813333333333333
4684,0.6816666666666666
4686,0.682
4686,0.6823333333333333
4687,0.6826666666666666
4687,0.683
4688,0.6833333333333333
4688,0.6836666666666666
4688,0.684
4690,0.6843333333333333
4692,0.6846666666666666
4693,0.685
4694,0.6853333333333333
4695,0.6856666666666666
4695,0.686
4696,0.6863333333333334
4697,0.6866666666666666
4697,0.687
4698,0.6873333333333334
4698,0.6876666666666666
4698,0.688
4699,0.6883333333333334
4699,0.6886666666666666
4700,0.689
4700,0.6893333333333334
4701,0.6896666666666667
4702,0.69
4703,0.6903333333333334
4704,0.6906666666666667
4704,0.691
4705,0.6913333333333334
4706,0.6916666666666667
4706,0.692
4706,0.6923333333333334
4707,0.6926666666666667
4709,0.693
4710,0.6933333333333334
4712,0.6936666666666667
4712,0.694
4713,0.6943333333333334
4714,0.6946666666666667
4715,0.695
4716,0.6953333333333334
4717,0.6956666666666667
4717,0.696
4718,0.6963333333333334
4718,0.6966666666666667
4719,0.697
4720,0.6973333333333334
4721,0.6976666666666667
4722,0.698
4723,0.6983333333333334
4723,0.6986666666666667
4723,0.699
4724,0.6993333333333334
4728,0.6996666666666667
4730,0.7
4732,0.7003333333333334
4733,0.7006666666666667
4734,0.701
4734,0.7013333333333334
4735,0.7016666666666667
4737,0.702
4737,0.7023333333333334
4737,0.7026666666666667
4738,0.703
4740,0.7033333333333334
4742,0.7036666666666667
4742,0.704
4743,0.7043333333333334
4744,0.7046666666666667
4745,0.705
4747,0.7053333333333334
4748,0.7056666666666667
4748,0.706
4749,0.7063333333333334
4749,0.7066666666666667
4750,0.707
4751,0.7073333333333334
4752,0.7076666666666667
4752,0.708
4753,0.7083333333333334
4754,0.7086666666666667
4755,0.709
4756,0.7093333333333334
4758,0.7096666666666667
4758,0.71
4758,0.7103333333333334
4758,0.7106666666666667
4759,0.711
4759,0.7113333333333334
4760,0.7116666666666667
4760,0.712
4761,0.7123333333333334
4765,0.7126666666666667
4765,0.713
4765,0.7133333333333334
4765,0.7136666666666667
4766,0.714
4767,0.7143333333333334
4768,0.7146666666666667
4768,0.715
4769,0.7153333333333334
4770,0.7156666666666667
4770,0.716
4770,0.7163333333333334
4772,0.7166666666666667
4772,0.717
4773,0.7173333333333334
4775,0.7176666666666667
4776,0.718
4778,0.7183333333333334
4781,0.7186666666666667
4781,0.719
4783,0.7193333333333334
4789,0.7196666666666667
4791,0.72
4791,0.7203333333333334
4792,0.7206666666666667
4793,0.721
4793,0.7213333333333334
4793,0.7216666666666667
4794,0.722
4795,0.7223333333333334
4795,0.7226666666666667
4797,0.723
4797,0.7233333333333334
4798,0.7236666666666667
4801,0.724
4801,0.7243333333333334
4802,0.7246666666666667
4804,0.725
4804,0.7253333333333334
4807,0.7256666666666667
4807,0.726
4807,0.7263333333333334
4809,0.7266666666666667
4810,0.727
4810,0.7273333333333334
4810,0.7276666666666667
4814,0.728
4814,0.7283333333333334
4814,0.7286666666666667
4817,0.729
4820,0.7293333333333333
4820,0.7296666666666667
4820,0.73
4822,0.7303333333333333
4822,0.7306666666666667
4823,0.731
4824,0.7313333333333333
4825,0.7316666666666667
4826,0.732
4830,0.7323333333333333
4831,0.7326666666666667
4832,0.733
4833,0.7333333333333333
4836,0.7336666666666667
4837,0.734
4838,0.7343333333333333
4841,0.7346666666666667
4842,0.735
4844,0.7353333333333333
4845,0.7356666666666667
4847,0.736
4848,0.7363333333333333
4849,0.7366666666666667
4850,0.737
4851,0.7373333333333333
4852,0.7376666666666667
4852,0.738
4853,0.7383333333333333
4856,0.7386666666666667
4856,0.739
4856,0.7393333333333333
4856,0.7396666666666667
4857,0.74
4859,0.7403333333333333
4860,0.7406666666666667
4864,0.741
4865,0.7413333333333333
4865,0.7416666666666667
4866,0.742
4866,0.7423333333333333
4867,0.7426666666666667
4868,0.743
4869,0.7433333333333333
4870,0.7436666666666667
4871,0.744
4871,0.7443333333333333
4875,0.7446666666666667
4876,0.745
4876,0.7453333333333333
4877,0.7456666666666667
4878,0.746
4879,0.7463333333333333
4880,0.7466666666666667
4880,0.747
4881,0.7473333333333333
4881,0.7476666666666667
4881,0.748
4882,0.7483333333333333
4882,0.7486666666666667
4882,0.749
4883,0.7493333333333333
4883,0.7496666666666667
4883,0.75
4884,0.7503333333333333
4885,0.7506666666666667
4886,0.751
4887,0.7513333333333333
4889,0.7516666666666667
4890,0.752
4891,0.7523333333333333
4892,0.7526666666666667
4892,0.753
4894,0.7533333333333333
4895,0.7536666666666667
4896,0.754
4899,0.7543333333333333
4899,0.7546666666666667
4900,0.755
4901,0.7553333333333333
4902,0.7556666666666667
4902,0.756
4904,0.7563333333333333
4904,0.7566666666666667
4906,0.757
4906,0.7573333333333333
4907,0.7576666666666667
4909,0.758
4913,0.7583333333333333
4916,0.7586666666666667
4916,0.759
4917,0.7593333333333333
4917,0.7596666666666667
4918,0.76
4919,0.7603333333333333
4921,0.7606666666666667
4921,0.761
4921,0.7613333333333333
4923,0.7616666666666667
4923,0.762
4925,0.7623333333333333
4926,0.7626666666666667
4926,0.763
4928,0.7633333333333333
4930,0.7636666666666667
4931,0.764
4931,0.7643333333333333
4932,0.7646666666666667
4933,0.765
4933,0.7653333333333333
4933,0.7656666666666667
4933,0.766
4934,0.7663333333333333
4935,0.7666666666666667
4936,0.767
4937,0.7673333333333333
4938,0.7676666666666667
4939,0.768
4944,0.7683333333333333
4944,0.7686666666666667
4946,0.769
4947,0.7693333333333333
4949,0.7696666666666667
4949,0.77
4950,0.7703333333333333
4952,0.7706666666666667
4954,0.771
4954,0.7713333333333333
4956,0.7716666666666666
4956,0.772
4956,0.7723333333333333
4957,0.7726666666666666
4961,0.773
4962,0.7733333333333333
4962,0.7736666666666666
4962,0.774
4963,0.7743333333333333
4965,0.7746666666666666
4965,0.775
4966,0.7753333333333333
4968,0.7756666666666666
4970,0.776
4972,0.7763333333333333
4972,0.7766666666666666
4974,0.777
4975,0.7773333333333333
4977,0.7776666666666666
4979,0.778
4983,0.7783333333333333
4985,0.7786666666666666
4986,0.779
4987,0.7793333333333333
4988,0.7796666666666666
4988,0.78
4989,0.7803333333333333
4991,0.7806666666666666
4993,0.781
4994,0.7813333333333333
4996,0.7816666666666666
4996,0.782
4997,0.7823333333333333
4998,0.7826666666666666
5003,0.783
5004,0.7833333333333333
5005,0.7836666666666666
5005,0.784
5006,0.7843333333333333
5006,0.7846666666666666
5008,0.785
5009,0.7853333333333333
5009,0.7856666666666666
5010,0.786
5011,0.7863333333333333
5012,0.7866666666666666
5015,0.787
5015,0.7873333333333333
5015,0.7876666666666666
5016,0.788
5020,0.7883333333333333
5020,0.7886666666666666
5021,0.789
5023,0.7893333333333333
5023,0.7896666666666666
5025,0.79
5025,0.7903333333333333
5027,0.7906666666666666
5027,0.791
5028,0.7913333333333333
5030,0.7916666666666666
5030,0.792
5030,0.7923333333333333
5031,0.7926666666666666
5033,0.793
5034,0.7933333333333333
5035,0.7936666666666666
5035,0.794
5037,0.7943333333333333
5038,0.7946666666666666
5041,0.795
5041,0.7953333333333333
5042,0.7956666666666666
5043,0.796
5045,0.7963333333333333
5045,0.7966666666666666
5045,0.797
5045,0.7973333333333333
5045,0.7976666666666666
5046,0.798
5048,0.7983333333333333
5049,0.7986666666666666
5051,0.799
5052,0.7993333333333333
5053,0.7996666666666666
5056,0.8
5057,0.8003333333333333
5057,0.8006666666666666
5060,0.801
5062,0.8013333333333333
5063,0.8016666666666666
5065,0.802
5066,0.8023333333333333
5067,0.8026666666666666
5070,0.803
5070,0.8033333333333333
5073,0.8036666666666666
5074,0.804
5078,0.8043333333333333
5079,0.8046666666666666
5079,0.805
5079,0.8053333333333333
5081,0.8056666666666666
5082,0.806
5083,0.8063333333333333
5083,0.8066666666666666
5083,0.807
5084,0.8073333333333333
5084,0.8076666666666666
5085,0.808
5088,0.8083333333333333
5089,0.8086666666666666
5089,0.809
5092,0.8093333333333333
5094,0.8096666666666666
5095,0.81
5095,0.8103333333333333
5096,0.8106666666666666
5097,0.811
5098,0.8113333333333334
5099,0.8116666666666666
5101,0.812
5101,0.8123333333333334
5102,0.8126666666666666
5102,0.813
5104,0.8133333333333334
5105,0.8136666666666666
5105,0.814
5106,0.8143333333333334
5108,0.8146666666666667
5109,0.815
5109,0.8153333333333334
5109,0.8156666666666667
5110,0.816
5111,0.8163333333333334
5115,0.8166666666666667
5116,0.817
5116,0.8173333333333334
5118,0.8176666666666667
5119,0.818
5119,0.8183333333333334
5119,0.8186666666666667
5120,0.819
5120,0.8193333333333334
5126,0.8196666666666667
5127,0.82
5128,0.8203333333333334
5130,0.8206666666666667
5134,0.821
5137,0.8213333333333334
5138,0.8216666666666667
5138,0.822
5139,0.8223333333333334
5139,0.8226666666666667
5141,0.823
5141,0.8233333333333334
5142,0.8236666666666667
5143,0.824
5143,0.8243333333333334
5146,0.8246666666666667
5147,0.825
5148,0.8253333333333334
5152,0.8256666666666667
5153,0.826
5154,0.8263333333333334
5157,0.8266666666666667
5157,0.827
5159,0.8273333333333334
5159,0.8276666666666667
5159,0.828
5162,0.8283333333333334
5163,0.8286666666666667
5163,0.829
5167,0.8293333333333334
5169,0.8296666666666667
5173,0.83
5174,0.8303333333333334
5175,0.8306666666666667
5175,0.831
5178,0.8313333333333334
5185,0.8316666666666667
5185,0.832
5185,0.8323333333333334
5186,0.8326666666666667
5186,0.833
5186,0.8333333333333334
5187,0.8336666666666667
5189,0.834
5190,0.8343333333333334
5193,0.8346666666666667
5194,0.835
5194,0.8353333333333334
5196,0.8356666666666667
5201,0.836
5202,0.8363333333333334
5202,0.8366666666666667
5202,0.837
5202,0.8373333333333334
5202,0.8376666666666667
5203,0.838
5204,0.8383333333333334
5208,0.8386666666666667
5212,0.839
5212,0.8393333333333334
5220,0.8396666666666667
5220,0.84
5220,0.8403333333333334
5220,0.8406666666666667
5221,0.841
5221,0.8413333333333334
5222,0.8416666666666667
5222,0.842
5223,0.8423333333333334
5223,0.8426666666666667
5223,0.843
5224,0.8433333333333334
5225,0.8436666666666667
5226,0.844
5228,0.8443333333333334
5231,0.8446666666666667
5231,0.845
5233,0.8453333333333334
5234,0.8456666666666667
5235,0.846
5236,0.8463333333333334
5237,0.8466666666666667
5239,0.847
5239,0.8473333333333334
5239,0.8476666666666667
5241,0.848
5241,0.8483333333333334
5242,0.8486666666666667
5242,0.849
5243,0.8493333333333334
5245,0.8496666666666667
5246,0.85
5248,0.8503333333333334
5248,0.8506666666666667
5251,0.851
5253,0.8513333333333334
5253,0.8516666666666667
5255,0.852
5258,0.8523333333333334
5260,0.8526666666666667
5261,0.853
5263,0.8533333333333334
5265,0.8536666666666667
5266,0.854
5269,0.8543333333333333
5270,0.8546666666666667
5271,0.855
5274,0.8553333333333333
5278,0.8556666666666667
5278,0.856
5279,0.8563333333333333
5283,0.8566666666666667
5283,0.857
5284,0.8573333333333333
5285,0.8576666666666667
5286,0.858
5287,0.8583333333333333
5290,0.8586666666666667
5293,0.859
5294,0.8593333333333333
5297,0.8596666666666667
5298,0.86
5298,0.8603333333333333
5300,0.8606666666666667
5304,0.861
5304,0.8613333333333333
5306,0.8616666666666667
5308,0.862
5308,0.8623333333333333
5308,0.8626666666666667
5311,0.863
5313,0.8633333333333333
5315,0.8636666666666667
5315,0.864
5316,0.8643333333333333
5316,0.8646666666666667
5317,0.865
5318,0.8653333333333333
5320,0.8656666666666667
5320,0.866
5321,0.8663333333333333
5321,0.8666666666666667
5323,0.867
5323,0.8673333333333333
5324,0.8676666666666667
5324,0.868
5325,0.8683333333333333
5327,0.8686666666666667
5327,0.869
5330,0.8693333333333333
5332,0.8696666666666667
5334,0.87
5334,0.8703333333333333
5335,0.8706666666666667
5337,0.871
5338,0.8713333333333333
5344,0.8716666666666667
5346,0.872
5349,0.8723333333333333
5350,0.8726666666666667
5350,0.873
5350,0.8733333333333333
5351,0.8736666666666667
5352,0.874
5353,0.8743333333333333
5354,0.8746666666666667
5355,0.875
5358,0.8753333333333333
5360,0.8756666666666667
5360,0.876
5361,0.8763333333333333
5363,0.8766666666666667
5366,0.877
5369,0.8773333333333333
5369,0.8776666666666667
5370,0.878
5374,0.8783333333333333
5375,0.8786666666666667
5375,0.879
5377,0.8793333333333333
5378,0.8796666666666667
5379,0.88
5384,0.8803333333333333
5385,0.8806666666666667
5386,0.881
5387,0.8813333333333333
5388,0.8816666666666667
5395,0.882
5396,0.8823333333333333
5396,0.8826666666666667
5399,0.883
5399,0.8833333333333333
5402,0.8836666666666667
5403,0.884
5403,0.8843333333333333
5404,0.8846666666666667
5405,0.885
5406,0.8853333333333333
5408,0.8856666666666667
5408,0.886
5409,0.8863333333333333
5415,0.8866666666666667
5421,0.887
5423,0.8873333333333333
5425,0.8876666666666667
5425,0.888
5425,0.8883333333333333
5433,0.8886666666666667
5434,0.889
5434,0.8893333333333333
5439,0.8896666666666667
5441,0.89
5442,0.8903333333333333
5442,0.8906666666666667
5447,0.891
5448,0.8913333333333333
5450,0.8916666666666667
5451,0.892
5452,0.8923333333333333
5458,0.8926666666666667
5459,0.893
5459,0.8933333333333333
5463,0.8936666666666667
5465,0.894
5468,0.8943333333333333
5473,0.8946666666666667
5473,0.895
5474,0.8953333333333333
5476,0.8956666666666667
5478,0.896
5479,0.8963333333333333
5481,0.8966666666666666
5483,0.897
5486,0.8973333333333333
5487,0.8976666666666666
5489,0.898
5493,0.8983333333333333
5494,0.8986666666666666
5496,0.899
5500,0.8993333333333333
5501,0.8996666666666666
5503,0.9
5503,0.9003333333333333
5504,0.9006666666666666
5509,0.901
5512,0.9013333333333333
5516,0.9016666666666666
5521,0.902
5521,0.9023333333333333
5526,0.9026666666666666
5530,0.903
5531,0.9033333333333333
5532,0.9036666666666666
5533,0.904
5535,0.9043333333333333
5536,0.9046666666666666
5537,0.905
5538,0.9053333333333333
5540,0.9056666666666666
5540,0.906
5541,0.9063333333333333
5541,0.9066666666666666
5542,0.907
5545,0.9073333333333333
5548,0.9076666666666666
5550,0.908
5550,0.9083333333333333
5550,0.9086666666666666
5551,0.909
5551,0.9093333333333333
5556,0.9096666666666666
5558,0.91
5560,0.9103333333333333
5561,0.9106666666666666
5561,0.911
5565,0.9113333333333333
5567,0.9116666666666666
5568,0.912
5569,0.9123333333333333
5575,0.9126666666666666
5580,0.913
5582,0.9133333333333333
5591,0.9136666666666666
5593,0.914
5593,0.9143333333333333
5595,0.9146666666666666
5596,0.915
5603,0.9153333333333333
5606,0.9156666666666666
5607,0.916
5607,0.9163333333333333
5607,0.9166666666666666
5610,0.917
5612,0.9173333333333333
5612,0.9176666666666666
5614,0.918
5616,0.9183333333333333
5617,0.9186666666666666
5627,0.919
5631,0.9193333333333333
5636,0.9196666666666666
5639,0.92
5640,0.9203333333333333
5646,0.9206666666666666
5646,0.921
5647,0.9213333333333333
5648,0.9216666666666666
5649,0.922
5649,0.9223333333333333
5650,0.9226666666666666
5651,0.923
5654,0.9233333333333333
5655,0.9236666666666666
5655,0.924
5656,0.9243333333333333
5657,0.9246666666666666
5664,0.925
5666,0.9253333333333333
5669,0.9256666666666666
5672,0.926
5676,0.9263333333333333
5685,0.9266666666666666
5687,0.927
5695,0.9273333333333333
5696,0.9276666666666666
5700,0.928
5704,0.9283333333333333
5704,0.9286666666666666
5705,0.929
5707,0.9293333333333333
5707,0.9296666666666666
5716,0.93
5717,0.9303333333333333
5718,0.9306666666666666
5721,0.931
5721,0.9313333333333333
5722,0.9316666666666666
5722,0.932
5725,0.9323333333333333
5729,0.9326666666666666
5729,0.933
5734,0.9333333333333333
5735,0.9336666666666666
5736,0.934
5739,0.9343333333333333
5751,0.9346666666666666
5760,0.935
5761,0.9353333333333333
5761,0.9356666666666666
5762,0.936
5763,0.9363333333333334
5766,0.9366666666666666
5768,0.937
5775,0.9373333333333334
5777,0.9376666666666666
5778,0.938
5784,0.9383333333333334
5784,0.9386666666666666
5784,0.939
5785,0.9393333333333334
5791,0.9396666666666667
5796,0.94
5803,0.9403333333333334
5803,0.9406666666666667
5804,0.941
5808,0.9413333333333334
5821,0.9416666666666667
5822,0.942
5823,0.9423333333333334
5826,0.9426666666666667
5839,0.943
5840,0.9433333333333334
5845,0.9436666666666667
5850,0.944
5853,0.9443333333333334
5859,0.9446666666666667
5862,0.945
5864,0.9453333333333334
5868,0.9456666666666667
5879,0.946
5882,0.9463333333333334
5888,0.9466666666666667
5891,0.947
5892,0.9473333333333334
5900,0.9476666666666667
5901,0.948
5902,0.9483333333333334
5909,0.9486666666666667
5909,0.949
5911,0.9493333333333334
5912,0.9496666666666667
5917,0.95
5924,0.9503333333333334
5927,0.9506666666666667
5929,0.951
5931,0.9513333333333334
5934,0.9516666666666667
5937,0.952
5947,0.9523333333333334
5948,0.9526666666666667
5954,0.953
5955,0.9533333333333334
5958,0.9536666666666667
5962,0.954
5975,0.9543333333333334
5983,0.9546666666666667
6017,0.955
6020,0.9553333333333334
6021,0.9556666666666667
6023,0.956
6027,0.9563333333333334
6028,0.9566666666666667
6038,0.957
6040,0.9573333333333334
6040,0.9576666666666667
6044,0.958
6051,0.9583333333333334
6054,0.9586666666666667
6055,0.959
6059,0.9593333333333334
6063,0.9596666666666667
6065,0.96
6067,0.9603333333333334
6067,0.9606666666666667
6073,0.961
6074,0.9613333333333334
6075,0.9616666666666667
6076,0.962
6078,0.9623333333333334
6085,0.9626666666666667
6086,0.963
6095,0.9633333333333334
6143,0.9636666666666667
6143,0.964
6147,0.9643333333333334
6150,0.9646666666666667
6163,0.965
6170,0.9653333333333334
6173,0.9656666666666667
6190,0.966
6191,0.9663333333333334
6194,0.9666666666666667
6197,0.967
6197,0.9673333333333334
6198,0.9676666666666667
6200,0.968
6207,0.9683333333333334
6210,0.9686666666666667
6213,0.969
6214,0.9693333333333334
6216,0.9696666666666667
6230,0.97
6239,0.9703333333333334
6241,0.9706666666666667
6244,0.971
6244,0.9713333333333334
6249,0.9716666666666667
6256,0.972
6257,0.9723333333333334
6266,0.9726666666666667
6270,0.973
6273,0.9733333333333334
6274,0.9736666666666667
6278,0.974
6288,0.9743333333333334
6290,0.9746666666666667
6307,0.975
6320,0.9753333333333334
6321,0.9756666666666667
6340,0.976
6342,0.9763333333333334
6371,0.9766666666666667
6382,0.977
6386,0.9773333333333334
6396,0.9776666666666667
6407,0.978
6410,0.9783333333333334
6420,0.9786666666666667
6431,0.979
6438,0.9793333333333333
6442,0.9796666666666667
6498,0.98
6499,0.9803333333333333
6500,0.9806666666666667
6505,0.981
6511,0.9813333333333333
6520,0.9816666666666667
6531,0.982
6535,0.9823333333333333
6540,0.9826666666666667
6541,0.983
6572,0.9833333333333333
6576,0.9836666666666667
6578,0.984
6578,0.9843333333333333
6579,0.9846666666666667
6598,0.985
6617,0.9853333333333333
6661,0.9856666666666667
6681,0.986
6702,0.9863333333333333
6711,0.9866666666666667
6723,0.987
6730,0.9873333333333333
6745,0.9876666666666667
6751,0.988
6760,0.9883333333333333
6797,0.9886666666666667
6803,0.989
6835,0.9893333333333333
6857,0.9896666666666667
6865,0.99
6880,0.9903333333333333
6902,0.9906666666666667
6926,0.991
6938,0.9913333333333333
6945,0.9916666666666667
7033,0.992
7059,0.9923333333333333
7092,0.9926666666666667
7128,0.993
7133,0.9933333333333333
7195,0.9936666666666667
7245,0.994
7264,0.9943333333333333
7297,0.9946666666666667
7325,0.995
7373,0.9953333333333333
7401,0.9956666666666667
7411,0.996
7472,0.9963333333333333
7502,0.9966666666666667
7505,0.997
7509,0.9973333333333333
7529,0.9976666666666667
7606,0.998
7719,0.9983333333333333
7763,0.9986666666666667
7806,0.999
7957,0.9993333333333333
9488,0.9996666666666667
9544,1.0
